{
  "mae": 0.4841408431529999,
  "rmse": 0.60858959544261,
  "r2": -0.5800861120223999
}