y_true,y_pred
2.2874715,0.9952116
1.0647107,1.937211
1.2809339,1.7429833
2.1860511,1.1666136
1.9501867,1.853261
2.3978953,1.9994702
2.2512918,2.0772576
2.1162555,2.1180544
2.6741486,2.1500058
2.4932055,2.0969505
2.5494452,2.1186805
1.7917595,1.7239172
2.7013612,2.1439662
