{
  "mae": 0.6292873024940491,
  "rmse": 0.7468421338243961,
  "r2": -0.018709540367126465
}