y_true,y_pred
1.8082888,2.103473
2.8273137,2.072558
2.8903718,2.1045575
2.74084,2.4152136
1.6677068,2.0747538
1.3350011,2.0898871
0.5877866,2.0305068
1.3350011,2.0886946
2.3978953,2.0718603
1.5475625,2.1187644
2.3025851,2.0870001
2.3025851,2.1641817
0.6931472,2.1029296
