{
  "mae": 0.5509547591209412,
  "rmse": 0.6463603566314188,
  "r2": -0.7250064611434937
}