y_true,y_pred
1.3350011,2.236298
1.4586151,2.1914737
1.609438,2.5440776
1.8245493,3.1767128
2.1282318,1.7264447
2.5649493,2.3217187
2.646175,2.393103
2.778198,2.3175166
1.5475625,2.1646173
1.704748,2.0566409
2.5649493,2.3603163
2.3025851,2.1543212
1.5892352,2.150072
