{
  "mae": 0.7506349086761475,
  "rmse": 0.9564505547536996,
  "r2": -0.5306000709533691
}