y_true,y_pred
2.4069452,2.0469365
2.3978953,2.1149478
1.9459101,2.2002265
2.5572274,2.2934124
1.2527629,1.871782
2.3025851,1.7556139
0.6931472,2.4445288
1.7917595,1.9875456
0.0,2.252096
0.91629076,1.9494638
2.5494452,1.7525309
1.3862944,2.128342
1.3862944,2.0460722
