{
  "mae": 0.6155392527580261,
  "rmse": 0.7097392621600307,
  "r2": -0.4965794086456299
}