y_true,y_pred
2.8903718,3.1262882
2.7080503,1.797444
2.5572274,2.0093484
2.944439,3.5677361
2.2385798,0.9187561
2.3608541,1.9551059
2.3978953,1.8003355
2.7080503,2.0379727
1.8245493,2.0100124
2.5176964,1.7734421
2.530517,2.596593
0.6931472,1.7729167
