{
  "mae": 0.4936269521713257,
  "rmse": 0.5397838520655837,
  "r2": 0.1444661021232605
}