y_true,y_pred
2.5494452,2.0688972
2.5952547,2.082559
1.5686159,2.0757232
1.3350011,2.0526698
2.4849067,2.1627412
2.2512918,2.0600173
2.8154087,2.4983494
2.6810215,2.2640169
2.3025851,2.1554554
1.7917595,2.3027015
1.3862944,2.1193192
1.0986123,2.065048
2.7725887,2.1784937
