{
  "mae": 0.3683590590953827,
  "rmse": 0.4472202961036453,
  "r2": 0.006022810935974121
}