y_true,y_pred
2.9957323,2.0295124
2.5649493,2.0349867
2.6026897,2.0223472
1.8718022,2.0623662
2.3978953,2.1066957
2.0794415,2.0532491
2.7536607,2.273078
1.9600948,2.0557008
2.7278528,2.284077
2.821379,2.5596669
2.2407095,2.046891
1.3083328,1.9160402
2.261763,2.1407793
