{
  "mae": 0.5476290583610535,
  "rmse": 0.6515079557792323,
  "r2": -1.9308879375457764
}