y_true,y_pred
2.7080503,2.4550843
2.6390574,2.7783723
2.3513753,2.2022505
2.4849067,2.0654378
2.6390574,1.7604551
1.9021075,2.1749637
2.9338567,1.9809943
2.6026897,1.7304085
2.0731719,1.1049091
2.0541236,1.997686
2.1306098,1.0337348
2.8136108,2.371357
1.609438,2.22731
