{
  "mae": 0.5141445994377136,
  "rmse": 0.6074145399429632,
  "r2": -0.030573248863220215
}