y_true,y_pred
2.7536607,2.2104256
1.4350845,1.908879
1.9459101,2.0444372
2.7245796,1.9699253
1.704748,1.9908556
1.3862944,2.1134202
2.442347,2.0416672
2.5176964,2.0700152
2.5649493,2.025121
0.6931472,2.1019342
2.0412202,1.9712209
2.1860511,1.7878213
2.5649493,2.0297198
