{
  "mae": {
    "mean": 0.5420063018798829,
    "std": 0.09954740396631306
  },
  "rmse": {
    "mean": 0.6561546719663921,
    "std": 0.12778770313254592
  },
  "r2": {
    "mean": -0.4051306307315826,
    "std": 0.5925973455853617
  }
}