{
  "mae": 0.5065012753283142,
  "rmse": 0.4313299906202522,
  "r2": 0.026131643639076274
}