{
  "mae": 0.46574628353118896,
  "rmse": 0.6476381729603413,
  "r2": 0.11064755916595459
}