y_true,y_pred
0.0,1.8603839
2.8033605,2.4936328
1.6292405,2.1243236
2.1517622,2.001909
2.1972246,2.5159793
2.7080503,1.9360096
2.6390574,1.9452443
2.2512918,2.1200686
1.5475625,1.9926565
2.1972246,2.0540278
1.7917595,2.054192
1.8245493,1.9336392
2.014903,1.6508946
